model,metric,observed,mean,ci_low,ci_high
glm_4_5v,overall_score,0.11785480430627858,0.1179166658896173,0.10154211037508308,0.13529390013962658
glm_4_5v,code_executability,0.7651006711409396,0.7651846771019827,0.7142857142857143,0.8137971130713711
glm_4_5v,low_level_edit_accuracy,0.11430564162169343,0.11437700450277224,0.09687056904790217,0.1330780456739188
glm_4_5v,high_level_score,0.11809525518546417,0.1181473309011519,0.10125589843755503,0.13601754117935957
glm_4_5v,relation_conditioned_fidelity,0.107776030632581,0.10796690962455878,0.07822192680696968,0.13842510229662588
glm_4_5v,relation_scope_accuracy,0.12034527291063854,0.12055581094296522,0.08640787219753038,0.15595296177337745
glm_4_5v,relation_edge_consistency,0.08892216721549474,0.08908355764694914,0.0615524628099167,0.11766471466870086
glm_4_5v,visual_structural_similarity,0.037178966561134806,0.03720032126144029,0.0303355622146301,0.044635461483443085
glm_4_5v,preservation_accuracy,0.5034581027255717,0.5033259941159024,0.46590733672362206,0.5397243854019291
openrouter_claude_sonnet_4_vertex,overall_score,0.16227352910326528,0.16226357284686968,0.1445378896721012,0.18021900934657392
openrouter_claude_sonnet_4_vertex,code_executability,0.9228187919463087,0.9228028364219862,0.8888888888888888,0.9531772575250836
openrouter_claude_sonnet_4_vertex,low_level_edit_accuracy,0.16053292865639698,0.1605310258171532,0.14155862867729452,0.18042623083767204
openrouter_claude_sonnet_4_vertex,high_level_score,0.1604642560365679,0.16043749728779885,0.14166160561605184,0.17993559776705204
openrouter_claude_sonnet_4_vertex,relation_conditioned_fidelity,0.16670639603693307,0.1666476752783553,0.1290387940297378,0.20499914595751367
openrouter_claude_sonnet_4_vertex,relation_scope_accuracy,0.19337711594946794,0.1932609968277504,0.14920270879383513,0.2378245171663694
openrouter_claude_sonnet_4_vertex,relation_edge_consistency,0.12670031616813074,0.12672769295426276,0.09211333819366141,0.16215586201315765
openrouter_claude_sonnet_4_vertex,visual_structural_similarity,0.05265813446190782,0.052669550304703466,0.04453668817178137,0.061309587978559205
openrouter_claude_sonnet_4_vertex,preservation_accuracy,0.6212250301257982,0.6211575017712425,0.5927724116451447,0.6479780745403977
openrouter_gpt4_1,overall_score,0.18137967601984878,0.18149966007932247,0.16205584594608013,0.20145488382783458
openrouter_gpt4_1,code_executability,0.8657718120805369,0.8660825417909522,0.8247422680412371,0.9044368600682594
openrouter_gpt4_1,low_level_edit_accuracy,0.15846654659548978,0.15859586458221042,0.13920006763702356,0.17874087895865412
openrouter_gpt4_1,high_level_score,0.19613197319480535,0.19624440309829327,0.17566970492939493,0.2173218680938682
openrouter_gpt4_1,relation_conditioned_fidelity,0.15573276714260098,0.15618309710661007,0.11859959521935795,0.19492482834947927
openrouter_gpt4_1,relation_scope_accuracy,0.17472930816531312,0.17526009042935103,0.13351486967504805,0.21860264482663389
openrouter_gpt4_1,relation_edge_consistency,0.12723795560853277,0.12756760712249862,0.09157333392850438,0.16395283278205638
openrouter_gpt4_1,visual_structural_similarity,0.0822665221338447,0.08232487433970777,0.07132351483132515,0.09381551301692492
openrouter_gpt4_1,preservation_accuracy,0.6036569147276257,0.603670591685989,0.570827533501131,0.6349178834490727
openrouter_gpt5_4_none,overall_score,0.27241255341632975,0.2723648736263437,0.24993193050361878,0.2958354404181656
openrouter_gpt5_4_none,code_executability,0.9832214765100671,0.9831602314419848,0.9675069673914322,0.9966101694915255
openrouter_gpt5_4_none,low_level_edit_accuracy,0.24248445080306227,0.24244721719468093,0.2182290079566455,0.26765743054463187
openrouter_gpt5_4_none,high_level_score,0.29228406603179935,0.29222871092015873,0.26951885224585675,0.31598063174839924
openrouter_gpt5_4_none,relation_conditioned_fidelity,0.23126087738530185,0.2312219306998406,0.1887174869424222,0.2742755296988042
openrouter_gpt5_4_none,relation_scope_accuracy,0.2745098753639802,0.2745723554587463,0.22689082079855555,0.32222012421378615
openrouter_gpt5_4_none,relation_edge_consistency,0.16638738041728435,0.16619629356148188,0.12491304449687847,0.21055700724069545
openrouter_gpt5_4_none,visual_structural_similarity,0.13342672436976744,0.13339644585838456,0.11886168980848993,0.14848480042587214
openrouter_gpt5_4_none,preservation_accuracy,0.7734786338854691,0.7733741108838813,0.7580085658736957,0.7874398772947467
qwen3_5_122b_a10b,overall_score,0.12976028276889112,0.12986163688454302,0.11110037171576287,0.1496861738989052
qwen3_5_122b_a10b,code_executability,0.6208053691275168,0.6207221083114205,0.5635690431247278,0.6756779817360021
qwen3_5_122b_a10b,low_level_edit_accuracy,0.11511845422899811,0.11518169815674001,0.0971617612064031,0.13421994681001717
qwen3_5_122b_a10b,high_level_score,0.13856367989470111,0.13868547268861095,0.11878926331089942,0.1600292741734931
qwen3_5_122b_a10b,relation_conditioned_fidelity,0.12790622985784808,0.1282249437500666,0.09066853664841874,0.16835881743984565
qwen3_5_122b_a10b,relation_scope_accuracy,0.1441893481777573,0.14455474631286055,0.10184627916595608,0.19028454659166125
qwen3_5_122b_a10b,relation_edge_consistency,0.10348155237798423,0.10373023990587563,0.0704921597018165,0.1392918376978287
qwen3_5_122b_a10b,visual_structural_similarity,0.051637378454901676,0.05167102618710146,0.04233131449534679,0.061792651048449464
qwen3_5_122b_a10b,preservation_accuracy,0.4525993035150806,0.45250706520652073,0.40937903821866173,0.4955232872595292
qwen3_vl_32b,overall_score,0.09885780743873455,0.09900947919766113,0.08241880780626075,0.11606723866793253
qwen3_vl_32b,code_executability,0.5805369127516778,0.5806603974110344,0.5208316693290735,0.639344262295082
qwen3_vl_32b,low_level_edit_accuracy,0.08808339545129545,0.08820049324269558,0.07214207357098777,0.10465659666781554
qwen3_vl_32b,high_level_score,0.10509030776590135,0.10525924493712337,0.08766846972255839,0.12335947144054146
qwen3_vl_32b,relation_conditioned_fidelity,0.11018618600850039,0.11053363717710926,0.07622379914218785,0.1471864909768088
qwen3_vl_32b,relation_scope_accuracy,0.12796182816416127,0.12842100549848445,0.08872044989390145,0.1703824756526733
qwen3_vl_32b,relation_edge_consistency,0.08352272277500905,0.08370258469504652,0.05383051913749227,0.11574842738071038
qwen3_vl_32b,visual_structural_similarity,0.034699863348922916,0.034767824474478355,0.02777953025243899,0.04222135241689568
qwen3_vl_32b,preservation_accuracy,0.3859435471569807,0.38600756948863696,0.34442985912915247,0.4267615093224266
qwen3_vl_8b,overall_score,0.041873267691318,0.041936573432467775,0.030838549584685335,0.05367214614281346
qwen3_vl_8b,code_executability,0.35570469798657717,0.35578494675733374,0.29692832764505117,0.4166666666666667
qwen3_vl_8b,low_level_edit_accuracy,0.03395442860969177,0.033985071424927134,0.02384435801798633,0.04534430629843848
qwen3_vl_8b,high_level_score,0.046111981924947844,0.04619348864198018,0.03403670724630399,0.058934862164358684
qwen3_vl_8b,relation_conditioned_fidelity,0.07875094794512336,0.07891794684683737,0.05288403496112958,0.10653684828412101
qwen3_vl_8b,relation_scope_accuracy,0.09784056673901073,0.09805501684838032,0.06694401088366785,0.13067175925915117
qwen3_vl_8b,relation_edge_consistency,0.050116519754292294,0.05021234184452293,0.028157390275705286,0.07432768210635206
qwen3_vl_8b,visual_structural_similarity,0.008552548056220952,0.008577008867577918,0.005589281079383238,0.011896647732452524
qwen3_vl_8b,preservation_accuracy,0.22705564005676143,0.22706669392418716,0.18817077162839776,0.2682113179262765
