model_a,model_b,metric,applicable_subset,observed_a_minus_b,ci_low,ci_high,p_value,significant_95,p_value_holm,significant_holm_05
glm_4_5v,openrouter_claude_sonnet_4_vertex,overall_score,all_samples,-0.0444187247969867,-0.06289152928257191,-0.02601438004579741,0.00019998000199980003,True,0.004199580041995801,True
glm_4_5v,openrouter_claude_sonnet_4_vertex,code_executability,all_samples,-0.15771812080536912,-0.2182410423452769,-0.09731543624161074,0.00019998000199980003,True,0.004199580041995801,True
glm_4_5v,openrouter_claude_sonnet_4_vertex,low_level_edit_accuracy,all_samples,-0.046227287034703565,-0.0671851933556609,-0.02542906789203482,0.00019998000199980003,True,0.004199580041995801,True
glm_4_5v,openrouter_claude_sonnet_4_vertex,high_level_score,all_samples,-0.04236900085110375,-0.06031516994366633,-0.024586325431431036,0.00019998000199980003,True,0.004199580041995801,True
glm_4_5v,openrouter_claude_sonnet_4_vertex,relation_conditioned_fidelity,relation_samples_only,-0.058930365404352036,-0.0962347185388567,-0.021356995579233068,0.0029997000299970002,True,0.032996700329967,True
glm_4_5v,openrouter_claude_sonnet_4_vertex,relation_scope_accuracy,relation_samples_only,-0.07303184303882938,-0.11571433828434514,-0.02830120435986498,0.0023997600239976003,True,0.0263973602639736,True
glm_4_5v,openrouter_claude_sonnet_4_vertex,relation_edge_consistency,relation_samples_only,-0.03777814895263601,-0.07375581881610083,-0.0023292960447228454,0.0365963403659634,True,0.2927707229277072,False
glm_4_5v,openrouter_claude_sonnet_4_vertex,visual_structural_similarity,all_samples,-0.015479167900773015,-0.023481508236993777,-0.007631408816286458,0.00019998000199980003,True,0.004199580041995801,True
glm_4_5v,openrouter_claude_sonnet_4_vertex,preservation_accuracy,all_samples,-0.11776692740022644,-0.15923353778212954,-0.07627794276184104,0.00019998000199980003,True,0.004199580041995801,True
glm_4_5v,openrouter_gpt4_1,overall_score,all_samples,-0.06352487171357013,-0.08288420069342342,-0.044543948994737334,0.00019998000199980003,True,0.004199580041995801,True
glm_4_5v,openrouter_gpt4_1,code_executability,all_samples,-0.10067114093959731,-0.15894039735099338,-0.041376573617952966,0.0013998600139986002,True,0.004199580041995801,True
glm_4_5v,openrouter_gpt4_1,low_level_edit_accuracy,all_samples,-0.04416090497379637,-0.06544569656699037,-0.022865654823087306,0.00019998000199980003,True,0.004199580041995801,True
glm_4_5v,openrouter_gpt4_1,high_level_score,all_samples,-0.0780367180093412,-0.09753870143622113,-0.05907661880528247,0.00019998000199980003,True,0.004199580041995801,True
glm_4_5v,openrouter_gpt4_1,relation_conditioned_fidelity,relation_samples_only,-0.047956736510019964,-0.08287257869893562,-0.014199544476294242,0.0071992800719928,True,0.071992800719928,False
glm_4_5v,openrouter_gpt4_1,relation_scope_accuracy,relation_samples_only,-0.0543840352546746,-0.0945804255409522,-0.015645960036488996,0.006399360063993601,True,0.063993600639936,False
glm_4_5v,openrouter_gpt4_1,relation_edge_consistency,relation_samples_only,-0.03831578839303801,-0.07121474680082537,-0.00628574815370346,0.019998000199980003,True,0.197980201979802,False
glm_4_5v,openrouter_gpt4_1,visual_structural_similarity,all_samples,-0.04508755557270988,-0.0557793715218045,-0.03505777564194907,0.00019998000199980003,True,0.004199580041995801,True
glm_4_5v,openrouter_gpt4_1,preservation_accuracy,all_samples,-0.10019881200205404,-0.1411250270137258,-0.05960232005873563,0.00019998000199980003,True,0.004199580041995801,True
glm_4_5v,openrouter_gpt5_4_none,overall_score,all_samples,-0.15455774911005116,-0.17752056498728488,-0.1316250633466398,0.00019998000199980003,True,0.004199580041995801,True
glm_4_5v,openrouter_gpt5_4_none,code_executability,all_samples,-0.2181208053691275,-0.2717846985385553,-0.1661336545911923,0.00019998000199980003,True,0.004199580041995801,True
glm_4_5v,openrouter_gpt5_4_none,low_level_edit_accuracy,all_samples,-0.12817880918136887,-0.1533613214448843,-0.10297136921165183,0.00019998000199980003,True,0.004199580041995801,True
glm_4_5v,openrouter_gpt5_4_none,high_level_score,all_samples,-0.17418881084633517,-0.1968233519052733,-0.15181901963631872,0.00019998000199980003,True,0.004199580041995801,True
glm_4_5v,openrouter_gpt5_4_none,relation_conditioned_fidelity,relation_samples_only,-0.12348484675272087,-0.16736636371389232,-0.07867535402192899,0.00019998000199980003,True,0.004199580041995801,True
glm_4_5v,openrouter_gpt5_4_none,relation_scope_accuracy,relation_samples_only,-0.15416460245334165,-0.2058568989308492,-0.10145463230318642,0.00019998000199980003,True,0.004199580041995801,True
glm_4_5v,openrouter_gpt5_4_none,relation_edge_consistency,relation_samples_only,-0.07746521320178962,-0.12130625505404563,-0.034785888848614006,0.00019998000199980003,True,0.004199580041995801,True
glm_4_5v,openrouter_gpt5_4_none,visual_structural_similarity,all_samples,-0.09624775780863262,-0.1103500808929674,-0.08226128147246774,0.00019998000199980003,True,0.004199580041995801,True
glm_4_5v,openrouter_gpt5_4_none,preservation_accuracy,all_samples,-0.2700205311598975,-0.30604004209159746,-0.23491722836912457,0.00019998000199980003,True,0.004199580041995801,True
glm_4_5v,qwen3_5_122b_a10b,overall_score,all_samples,-0.011905478462612522,-0.03273769164942269,0.00907018132949791,0.264973502649735,False,0.264973502649735,False
glm_4_5v,qwen3_5_122b_a10b,code_executability,all_samples,0.14429530201342283,0.07324646574491223,0.2159468438538206,0.00019998000199980003,True,0.004199580041995801,True
glm_4_5v,qwen3_5_122b_a10b,low_level_edit_accuracy,all_samples,-0.0008128126073046855,-0.022392882459130643,0.020559841495964716,0.9431056894310569,False,1.0,False
glm_4_5v,qwen3_5_122b_a10b,high_level_score,all_samples,-0.020468424709236925,-0.04233901844640109,0.0010460638612747382,0.061193880611938804,False,0.12238776122387761,False
glm_4_5v,qwen3_5_122b_a10b,relation_conditioned_fidelity,relation_samples_only,-0.020130199225267043,-0.06468783407499748,0.02302400208086136,0.3621637836216378,False,1.0,False
glm_4_5v,qwen3_5_122b_a10b,relation_scope_accuracy,relation_samples_only,-0.023844075267118757,-0.07339783563887217,0.02547958940116989,0.3391660833916608,False,1.0,False
glm_4_5v,qwen3_5_122b_a10b,relation_edge_consistency,relation_samples_only,-0.014559385162489481,-0.05309833433439237,0.022923342800378426,0.44835516448355167,False,1.0,False
glm_4_5v,qwen3_5_122b_a10b,visual_structural_similarity,all_samples,-0.01445841189376687,-0.02474967020476439,-0.004763089057598754,0.0047995200479952005,True,0.014398560143985602,True
glm_4_5v,qwen3_5_122b_a10b,preservation_accuracy,all_samples,0.05085879921049105,0.0006640246855922316,0.10173844940671158,0.047995200479952004,True,0.09599040095990401,False
glm_4_5v,qwen3_vl_32b,overall_score,all_samples,0.01899699686754406,0.0009554269690976367,0.03696586481583273,0.0375962403759624,True,0.11278872112788721,False
glm_4_5v,qwen3_vl_32b,code_executability,all_samples,0.18456375838926176,0.10800719154377691,0.2596185064935065,0.00019998000199980003,True,0.004199580041995801,True
glm_4_5v,qwen3_vl_32b,low_level_edit_accuracy,all_samples,0.02622224617039797,0.006129485376720276,0.04672953702356035,0.009599040095990401,True,0.038396160383961604,True
glm_4_5v,qwen3_vl_32b,high_level_score,all_samples,0.013004947419562792,-0.004923194564218683,0.030931599807843744,0.16058394160583941,False,0.16058394160583941,False
glm_4_5v,qwen3_vl_32b,relation_conditioned_fidelity,relation_samples_only,-0.0024101553759193644,-0.03357817333590859,0.028517319429826785,0.8671132886711329,False,1.0,False
glm_4_5v,qwen3_vl_32b,relation_scope_accuracy,relation_samples_only,-0.007616555253522733,-0.0447820253063397,0.029015062230079033,0.6723327667233276,False,1.0,False
glm_4_5v,qwen3_vl_32b,relation_edge_consistency,relation_samples_only,0.005399444440485691,-0.021133991871742593,0.03196253342213994,0.6923307669233076,False,1.0,False
glm_4_5v,qwen3_vl_32b,visual_structural_similarity,all_samples,0.0024791032122118864,-0.005279623403543204,0.010358336957459437,0.5515448455154485,False,1.0,False
glm_4_5v,qwen3_vl_32b,preservation_accuracy,all_samples,0.11751455556859093,0.06538559380864983,0.1692895854216114,0.00019998000199980003,True,0.004199580041995801,True
glm_4_5v,qwen3_vl_8b,overall_score,all_samples,0.07598153661496061,0.05917254749090593,0.09367757545833377,0.00019998000199980003,True,0.004199580041995801,True
glm_4_5v,qwen3_vl_8b,code_executability,all_samples,0.40939597315436244,0.33762057877813506,0.4812286689419795,0.00019998000199980003,True,0.004199580041995801,True
glm_4_5v,qwen3_vl_8b,low_level_edit_accuracy,all_samples,0.08035121301200165,0.06190214517082872,0.10002373416964398,0.00019998000199980003,True,0.004199580041995801,True
glm_4_5v,qwen3_vl_8b,high_level_score,all_samples,0.07198327326051632,0.055280465543458474,0.08928421523704054,0.00019998000199980003,True,0.004199580041995801,True
glm_4_5v,qwen3_vl_8b,relation_conditioned_fidelity,relation_samples_only,0.029025082687457657,0.002443973116843131,0.05778583886787271,0.0331966803319668,True,0.20637936206379362,False
glm_4_5v,qwen3_vl_8b,relation_scope_accuracy,relation_samples_only,0.022504706171627795,-0.010225928040078089,0.05618858842159751,0.17378262173782622,False,0.8689131086891311,False
glm_4_5v,qwen3_vl_8b,relation_edge_consistency,relation_samples_only,0.03880564746120245,0.01295044977730293,0.06642370731203556,0.0021997800219978004,True,0.028597140285971406,True
glm_4_5v,qwen3_vl_8b,visual_structural_similarity,all_samples,0.028626418504913854,0.022073124560473764,0.035659980418241075,0.00019998000199980003,True,0.004199580041995801,True
glm_4_5v,qwen3_vl_8b,preservation_accuracy,all_samples,0.27640246266881024,0.22853261649799908,0.32427282257097095,0.00019998000199980003,True,0.004199580041995801,True
openrouter_claude_sonnet_4_vertex,openrouter_gpt4_1,overall_score,all_samples,-0.01910614691658343,-0.0383173506613151,-0.00019585768182535534,0.0481951804819518,True,0.11278872112788721,False
openrouter_claude_sonnet_4_vertex,openrouter_gpt4_1,code_executability,all_samples,0.05704697986577181,0.006779661016949152,0.10714594661393964,0.030996900309969003,True,0.061993800619938005,False
openrouter_claude_sonnet_4_vertex,openrouter_gpt4_1,low_level_edit_accuracy,all_samples,0.0020663820609072106,-0.018230451243561496,0.02252590523631853,0.8519148085191481,False,1.0,False
openrouter_claude_sonnet_4_vertex,openrouter_gpt4_1,high_level_score,all_samples,-0.03566771715823746,-0.05575128510140336,-0.015939623974831695,0.00039996000399960006,True,0.004199580041995801,True
openrouter_claude_sonnet_4_vertex,openrouter_gpt4_1,relation_conditioned_fidelity,relation_samples_only,0.010973628894332071,-0.02682988026348482,0.04726903367558568,0.5725427457254274,False,1.0,False
openrouter_claude_sonnet_4_vertex,openrouter_gpt4_1,relation_scope_accuracy,relation_samples_only,0.01864780778415479,-0.02312452710784601,0.059083295314525344,0.37676232376762325,False,1.0,False
openrouter_claude_sonnet_4_vertex,openrouter_gpt4_1,relation_edge_consistency,relation_samples_only,-0.0005376394404019938,-0.035499693898448294,0.035289714015486945,0.9559044095590441,False,1.0,False
openrouter_claude_sonnet_4_vertex,openrouter_gpt4_1,visual_structural_similarity,all_samples,-0.029608387671936864,-0.04017436091252515,-0.019227019511873077,0.00019998000199980003,True,0.004199580041995801,True
openrouter_claude_sonnet_4_vertex,openrouter_gpt4_1,preservation_accuracy,all_samples,0.017568115398172404,-0.01831611836534079,0.0528975089808633,0.3331666833316668,False,0.3331666833316668,False
openrouter_claude_sonnet_4_vertex,openrouter_gpt5_4_none,overall_score,all_samples,-0.11013902431306441,-0.12947155850802589,-0.09135170042452427,0.00019998000199980003,True,0.004199580041995801,True
openrouter_claude_sonnet_4_vertex,openrouter_gpt5_4_none,code_executability,all_samples,-0.06040268456375839,-0.0958904109589041,-0.027303754266211604,0.0007999200079992001,True,0.004199580041995801,True
openrouter_claude_sonnet_4_vertex,openrouter_gpt5_4_none,low_level_edit_accuracy,all_samples,-0.0819515221466653,-0.10294583315419298,-0.061665797152553624,0.00019998000199980003,True,0.004199580041995801,True
openrouter_claude_sonnet_4_vertex,openrouter_gpt5_4_none,high_level_score,all_samples,-0.1318198099952314,-0.15194442665212904,-0.11195952612560857,0.00019998000199980003,True,0.004199580041995801,True
openrouter_claude_sonnet_4_vertex,openrouter_gpt5_4_none,relation_conditioned_fidelity,relation_samples_only,-0.0645544813483688,-0.09567026733277977,-0.03492666468138146,0.00039996000399960006,True,0.005999400059994001,True
openrouter_claude_sonnet_4_vertex,openrouter_gpt5_4_none,relation_scope_accuracy,relation_samples_only,-0.08113275941451226,-0.12047920147533203,-0.043837946620229565,0.00039996000399960006,True,0.005999400059994001,True
openrouter_claude_sonnet_4_vertex,openrouter_gpt5_4_none,relation_edge_consistency,relation_samples_only,-0.03968706424915361,-0.0665080852190641,-0.013236626520924775,0.004399560043995601,True,0.05279472052794721,False
openrouter_claude_sonnet_4_vertex,openrouter_gpt5_4_none,visual_structural_similarity,all_samples,-0.08076858990785961,-0.09361505838802896,-0.06806310027899831,0.00019998000199980003,True,0.004199580041995801,True
openrouter_claude_sonnet_4_vertex,openrouter_gpt5_4_none,preservation_accuracy,all_samples,-0.15225360375967106,-0.17849793303448336,-0.12812169870460854,0.00019998000199980003,True,0.004199580041995801,True
openrouter_claude_sonnet_4_vertex,qwen3_5_122b_a10b,overall_score,all_samples,0.032513246334374184,0.013820987592720161,0.051407687085977156,0.0007999200079992001,True,0.004199580041995801,True
openrouter_claude_sonnet_4_vertex,qwen3_5_122b_a10b,code_executability,all_samples,0.30201342281879195,0.24025653622693097,0.36454849498327757,0.00019998000199980003,True,0.004199580041995801,True
openrouter_claude_sonnet_4_vertex,qwen3_5_122b_a10b,low_level_edit_accuracy,all_samples,0.04541447442739888,0.024901700622963287,0.06641547880058607,0.00019998000199980003,True,0.004199580041995801,True
openrouter_claude_sonnet_4_vertex,qwen3_5_122b_a10b,high_level_score,all_samples,0.021900576141866822,0.003249006581893402,0.04074958996610231,0.0207979202079792,True,0.0623937606239376,False
openrouter_claude_sonnet_4_vertex,qwen3_5_122b_a10b,relation_conditioned_fidelity,relation_samples_only,0.03880016617908499,0.004637289921799732,0.0740791376994704,0.0263973602639736,True,0.20637936206379362,False
openrouter_claude_sonnet_4_vertex,qwen3_5_122b_a10b,relation_scope_accuracy,relation_samples_only,0.049187767771710626,0.00941332823268826,0.09007603836619357,0.015598440155984402,True,0.14038596140385962,False
openrouter_claude_sonnet_4_vertex,qwen3_5_122b_a10b,relation_edge_consistency,relation_samples_only,0.02321876379014653,-0.007992694279752131,0.055138218766162615,0.14878512148785122,False,0.8927107289271073,False
openrouter_claude_sonnet_4_vertex,qwen3_5_122b_a10b,visual_structural_similarity,all_samples,0.0010207560070061472,-0.0076025174883491715,0.009621557208347002,0.8221177882211779,False,1.0,False
openrouter_claude_sonnet_4_vertex,qwen3_5_122b_a10b,preservation_accuracy,all_samples,0.16862572661071748,0.12394912350226327,0.21475007085949757,0.00019998000199980003,True,0.004199580041995801,True
openrouter_claude_sonnet_4_vertex,qwen3_vl_32b,overall_score,all_samples,0.06341572166453077,0.045373535596520485,0.080928139896835,0.00019998000199980003,True,0.004199580041995801,True
openrouter_claude_sonnet_4_vertex,qwen3_vl_32b,code_executability,all_samples,0.3422818791946309,0.2809364548494983,0.40604284536271384,0.00019998000199980003,True,0.004199580041995801,True
openrouter_claude_sonnet_4_vertex,qwen3_vl_32b,low_level_edit_accuracy,all_samples,0.07244953320510154,0.052251500444219105,0.09254157777678676,0.00019998000199980003,True,0.004199580041995801,True
openrouter_claude_sonnet_4_vertex,qwen3_vl_32b,high_level_score,all_samples,0.05537394827066654,0.03761223036628893,0.07264771916119461,0.00019998000199980003,True,0.004199580041995801,True
openrouter_claude_sonnet_4_vertex,qwen3_vl_32b,relation_conditioned_fidelity,relation_samples_only,0.05652021002843265,0.02572351665479507,0.08778601581834548,0.00039996000399960006,True,0.005999400059994001,True
openrouter_claude_sonnet_4_vertex,qwen3_vl_32b,relation_scope_accuracy,relation_samples_only,0.06541528778530664,0.030220054111046214,0.10049277401547949,0.0005999400059994001,True,0.007799220077992201,True
openrouter_claude_sonnet_4_vertex,qwen3_vl_32b,relation_edge_consistency,relation_samples_only,0.0431775933931217,0.012277100817225611,0.07463999653101619,0.006199380061993801,True,0.06819318068193181,False
openrouter_claude_sonnet_4_vertex,qwen3_vl_32b,visual_structural_similarity,all_samples,0.017958271112984904,0.009259335408919156,0.026443837842519267,0.00019998000199980003,True,0.004199580041995801,True
openrouter_claude_sonnet_4_vertex,qwen3_vl_32b,preservation_accuracy,all_samples,0.2352814829688174,0.19242465620365315,0.27914783577901453,0.00019998000199980003,True,0.004199580041995801,True
openrouter_claude_sonnet_4_vertex,qwen3_vl_8b,overall_score,all_samples,0.12040026141194732,0.1018629854077533,0.13852452628696485,0.00019998000199980003,True,0.004199580041995801,True
openrouter_claude_sonnet_4_vertex,qwen3_vl_8b,code_executability,all_samples,0.5671140939597316,0.5016835016835017,0.6317567567567568,0.00019998000199980003,True,0.004199580041995801,True
openrouter_claude_sonnet_4_vertex,qwen3_vl_8b,low_level_edit_accuracy,all_samples,0.1265785000467052,0.10564211895618399,0.14769496305252597,0.00019998000199980003,True,0.004199580041995801,True
openrouter_claude_sonnet_4_vertex,qwen3_vl_8b,high_level_score,all_samples,0.11435227411162005,0.09657121038547165,0.1320526768358369,0.00019998000199980003,True,0.004199580041995801,True
openrouter_claude_sonnet_4_vertex,qwen3_vl_8b,relation_conditioned_fidelity,relation_samples_only,0.08795544809180969,0.05194864350222894,0.12278008154486163,0.00019998000199980003,True,0.004199580041995801,True
openrouter_claude_sonnet_4_vertex,qwen3_vl_8b,relation_scope_accuracy,relation_samples_only,0.09553654921045718,0.053272088068250636,0.13700376013584437,0.00019998000199980003,True,0.004199580041995801,True
openrouter_claude_sonnet_4_vertex,qwen3_vl_8b,relation_edge_consistency,relation_samples_only,0.07658379641383846,0.04635806631053252,0.10698438972112563,0.00019998000199980003,True,0.004199580041995801,True
openrouter_claude_sonnet_4_vertex,qwen3_vl_8b,visual_structural_similarity,all_samples,0.04410558640568687,0.03625312686616605,0.052436486827886854,0.00019998000199980003,True,0.004199580041995801,True
openrouter_claude_sonnet_4_vertex,qwen3_vl_8b,preservation_accuracy,all_samples,0.3941693900690367,0.35091687582991793,0.4362923853091953,0.00019998000199980003,True,0.004199580041995801,True
openrouter_gpt4_1,openrouter_gpt5_4_none,overall_score,all_samples,-0.09103287739648099,-0.11412938849589077,-0.06818337132055187,0.00019998000199980003,True,0.004199580041995801,True
openrouter_gpt4_1,openrouter_gpt5_4_none,code_executability,all_samples,-0.1174496644295302,-0.1610738255033557,-0.07516339869281045,0.00019998000199980003,True,0.004199580041995801,True
openrouter_gpt4_1,openrouter_gpt5_4_none,low_level_edit_accuracy,all_samples,-0.0840179042075725,-0.10869120205462053,-0.059554061940301245,0.00019998000199980003,True,0.004199580041995801,True
openrouter_gpt4_1,openrouter_gpt5_4_none,high_level_score,all_samples,-0.09615209283699394,-0.11911929187853115,-0.07345813241785977,0.00019998000199980003,True,0.004199580041995801,True
openrouter_gpt4_1,openrouter_gpt5_4_none,relation_conditioned_fidelity,relation_samples_only,-0.0755281102427009,-0.12003903704796959,-0.031033818856916768,0.000999900009999,True,0.011998800119988001,True
openrouter_gpt4_1,openrouter_gpt5_4_none,relation_scope_accuracy,relation_samples_only,-0.09978056719866706,-0.15157626194405854,-0.049401227970114224,0.00039996000399960006,True,0.005999400059994001,True
openrouter_gpt4_1,openrouter_gpt5_4_none,relation_edge_consistency,relation_samples_only,-0.039149424808751616,-0.08262047958154828,0.0038421602374214396,0.07179282071792821,False,0.5025497450254974,False
openrouter_gpt4_1,openrouter_gpt5_4_none,visual_structural_similarity,all_samples,-0.051160202235922735,-0.06504783617599064,-0.03776712935252359,0.00019998000199980003,True,0.004199580041995801,True
openrouter_gpt4_1,openrouter_gpt5_4_none,preservation_accuracy,all_samples,-0.16982171915784344,-0.20159200460001409,-0.13930523905938522,0.00019998000199980003,True,0.004199580041995801,True
openrouter_gpt4_1,qwen3_5_122b_a10b,overall_score,all_samples,0.05161939325095762,0.031868084672029395,0.07146673660087961,0.00019998000199980003,True,0.004199580041995801,True
openrouter_gpt4_1,qwen3_5_122b_a10b,code_executability,all_samples,0.24496644295302014,0.180600845410628,0.3110367892976589,0.00019998000199980003,True,0.004199580041995801,True
openrouter_gpt4_1,qwen3_5_122b_a10b,low_level_edit_accuracy,all_samples,0.04334809236649168,0.02369336351895067,0.06303698878876841,0.00039996000399960006,True,0.004199580041995801,True
openrouter_gpt4_1,qwen3_5_122b_a10b,high_level_score,all_samples,0.05756829330010428,0.03656156378726993,0.07862162792936399,0.00019998000199980003,True,0.004199580041995801,True
openrouter_gpt4_1,qwen3_5_122b_a10b,relation_conditioned_fidelity,relation_samples_only,0.027826537284752914,-0.009901126739332232,0.06563274917927146,0.1473852614738526,False,0.7369263073692631,False
openrouter_gpt4_1,qwen3_5_122b_a10b,relation_scope_accuracy,relation_samples_only,0.03053995998755584,-0.01085620015126939,0.07306577122639438,0.14458554144585542,False,0.8675132486751325,False
openrouter_gpt4_1,qwen3_5_122b_a10b,relation_edge_consistency,relation_samples_only,0.023756403230548524,-0.014197032497111442,0.06003251097024072,0.20237976202379762,False,0.8927107289271073,False
openrouter_gpt4_1,qwen3_5_122b_a10b,visual_structural_similarity,all_samples,0.03062914367894301,0.019729278223139326,0.04127586893160773,0.00019998000199980003,True,0.004199580041995801,True
openrouter_gpt4_1,qwen3_5_122b_a10b,preservation_accuracy,all_samples,0.15105761121254507,0.10364998743229938,0.19915599065613931,0.00019998000199980003,True,0.004199580041995801,True
openrouter_gpt4_1,qwen3_vl_32b,overall_score,all_samples,0.0825218685811142,0.06311909773453517,0.10237335795302246,0.00019998000199980003,True,0.004199580041995801,True
openrouter_gpt4_1,qwen3_vl_32b,code_executability,all_samples,0.28523489932885904,0.21639140797581677,0.356401384083045,0.00019998000199980003,True,0.004199580041995801,True
openrouter_gpt4_1,qwen3_vl_32b,low_level_edit_accuracy,all_samples,0.07038315114419433,0.04934019393919642,0.09163888305892216,0.00019998000199980003,True,0.004199580041995801,True
openrouter_gpt4_1,qwen3_vl_32b,high_level_score,all_samples,0.09104166542890399,0.07169557338950545,0.1111675052884919,0.00019998000199980003,True,0.004199580041995801,True
openrouter_gpt4_1,qwen3_vl_32b,relation_conditioned_fidelity,relation_samples_only,0.0455465811341006,0.02015248956019124,0.07193353755936362,0.0005999400059994001,True,0.007799220077992201,True
openrouter_gpt4_1,qwen3_vl_32b,relation_scope_accuracy,relation_samples_only,0.04676748000115186,0.01841159209245223,0.07511938864185039,0.000999900009999,True,0.011998800119988001,True
openrouter_gpt4_1,qwen3_vl_32b,relation_edge_consistency,relation_samples_only,0.04371523283352369,0.01807404009287938,0.07198024444585101,0.0005999400059994001,True,0.009599040095990401,True
openrouter_gpt4_1,qwen3_vl_32b,visual_structural_similarity,all_samples,0.047566658784921764,0.03685072644174076,0.05873977326720071,0.00019998000199980003,True,0.004199580041995801,True
openrouter_gpt4_1,qwen3_vl_32b,preservation_accuracy,all_samples,0.21771336757064494,0.16870807284286007,0.2670907961560028,0.00019998000199980003,True,0.004199580041995801,True
openrouter_gpt4_1,qwen3_vl_8b,overall_score,all_samples,0.13950640832853073,0.11927651098955269,0.1600674716296843,0.00019998000199980003,True,0.004199580041995801,True
openrouter_gpt4_1,qwen3_vl_8b,code_executability,all_samples,0.5100671140939598,0.4370860927152318,0.5819397993311036,0.00019998000199980003,True,0.004199580041995801,True
openrouter_gpt4_1,qwen3_vl_8b,low_level_edit_accuracy,all_samples,0.124512117985798,0.10404595310202604,0.14539990821128804,0.00019998000199980003,True,0.004199580041995801,True
openrouter_gpt4_1,qwen3_vl_8b,high_level_score,all_samples,0.15001999126985752,0.1292153738142742,0.17119408565208818,0.00019998000199980003,True,0.004199580041995801,True
openrouter_gpt4_1,qwen3_vl_8b,relation_conditioned_fidelity,relation_samples_only,0.07698181919747762,0.047206496297569456,0.10679827707868127,0.00019998000199980003,True,0.004199580041995801,True
openrouter_gpt4_1,qwen3_vl_8b,relation_scope_accuracy,relation_samples_only,0.07688874142630238,0.041312284593673296,0.11280723033867297,0.00019998000199980003,True,0.004199580041995801,True
openrouter_gpt4_1,qwen3_vl_8b,relation_edge_consistency,relation_samples_only,0.07712143585424046,0.048537309889601594,0.10611735969474763,0.00019998000199980003,True,0.004199580041995801,True
openrouter_gpt4_1,qwen3_vl_8b,visual_structural_similarity,all_samples,0.07371397407762373,0.06291604495117578,0.08505250246377052,0.00019998000199980003,True,0.004199580041995801,True
openrouter_gpt4_1,qwen3_vl_8b,preservation_accuracy,all_samples,0.37660127467086424,0.3275626814889289,0.4249181793027116,0.00019998000199980003,True,0.004199580041995801,True
openrouter_gpt5_4_none,qwen3_5_122b_a10b,overall_score,all_samples,0.1426522706474386,0.11871250278379057,0.16704146835630196,0.00019998000199980003,True,0.004199580041995801,True
openrouter_gpt5_4_none,qwen3_5_122b_a10b,code_executability,all_samples,0.3624161073825503,0.3053691275167785,0.4212264353848304,0.00019998000199980003,True,0.004199580041995801,True
openrouter_gpt5_4_none,qwen3_5_122b_a10b,low_level_edit_accuracy,all_samples,0.1273659965740642,0.10249906013546763,0.15290357194170828,0.00019998000199980003,True,0.004199580041995801,True
openrouter_gpt5_4_none,qwen3_5_122b_a10b,high_level_score,all_samples,0.15372038613709824,0.1295299225946771,0.17845750687150808,0.00019998000199980003,True,0.004199580041995801,True
openrouter_gpt5_4_none,qwen3_5_122b_a10b,relation_conditioned_fidelity,relation_samples_only,0.10335464752745378,0.06110557512856831,0.14711811677347492,0.00019998000199980003,True,0.004199580041995801,True
openrouter_gpt5_4_none,qwen3_5_122b_a10b,relation_scope_accuracy,relation_samples_only,0.1303205271862229,0.0822213909314781,0.18119550199884452,0.00019998000199980003,True,0.004199580041995801,True
openrouter_gpt5_4_none,qwen3_5_122b_a10b,relation_edge_consistency,relation_samples_only,0.06290582803930014,0.022797754298214224,0.10622601948761395,0.0013998600139986002,True,0.019598040195980403,True
openrouter_gpt5_4_none,qwen3_5_122b_a10b,visual_structural_similarity,all_samples,0.08178934591486575,0.06781770869282736,0.0959886080887799,0.00019998000199980003,True,0.004199580041995801,True
openrouter_gpt5_4_none,qwen3_5_122b_a10b,preservation_accuracy,all_samples,0.3208793303703885,0.27887566156169996,0.36374937829299164,0.00019998000199980003,True,0.004199580041995801,True
openrouter_gpt5_4_none,qwen3_vl_32b,overall_score,all_samples,0.17355474597759518,0.14997829844084093,0.19711163207937266,0.00019998000199980003,True,0.004199580041995801,True
openrouter_gpt5_4_none,qwen3_vl_32b,code_executability,all_samples,0.40268456375838924,0.34219269102990035,0.4653508023216114,0.00019998000199980003,True,0.004199580041995801,True
openrouter_gpt5_4_none,qwen3_vl_32b,low_level_edit_accuracy,all_samples,0.15440105535176682,0.1285164218462015,0.18022869330480107,0.00019998000199980003,True,0.004199580041995801,True
openrouter_gpt5_4_none,qwen3_vl_32b,high_level_score,all_samples,0.18719375826589796,0.16437799845511894,0.21024589084873901,0.00019998000199980003,True,0.004199580041995801,True
openrouter_gpt5_4_none,qwen3_vl_32b,relation_conditioned_fidelity,relation_samples_only,0.12107469137680148,0.07850902783111312,0.16469140060461157,0.00019998000199980003,True,0.004199580041995801,True
openrouter_gpt5_4_none,qwen3_vl_32b,relation_scope_accuracy,relation_samples_only,0.14654804719981893,0.09849053657166965,0.19575678933340193,0.00019998000199980003,True,0.004199580041995801,True
openrouter_gpt5_4_none,qwen3_vl_32b,relation_edge_consistency,relation_samples_only,0.08286465764227531,0.04355621495955077,0.12458146762937208,0.00019998000199980003,True,0.004199580041995801,True
openrouter_gpt5_4_none,qwen3_vl_32b,visual_structural_similarity,all_samples,0.09872686102084452,0.08457243584524583,0.11315184632113705,0.00019998000199980003,True,0.004199580041995801,True
openrouter_gpt5_4_none,qwen3_vl_32b,preservation_accuracy,all_samples,0.3875350867284884,0.34620832520372247,0.42958012690922914,0.00019998000199980003,True,0.004199580041995801,True
openrouter_gpt5_4_none,qwen3_vl_8b,overall_score,all_samples,0.23053928572501176,0.20624135125736567,0.2551685914787845,0.00019998000199980003,True,0.004199580041995801,True
openrouter_gpt5_4_none,qwen3_vl_8b,code_executability,all_samples,0.62751677852349,0.5640118554654263,0.6883603750280709,0.00019998000199980003,True,0.004199580041995801,True
openrouter_gpt5_4_none,qwen3_vl_8b,low_level_edit_accuracy,all_samples,0.20853002219337052,0.181918434588641,0.23566827738036428,0.00019998000199980003,True,0.004199580041995801,True
openrouter_gpt5_4_none,qwen3_vl_8b,high_level_score,all_samples,0.24617208410685146,0.22255982475557323,0.270280166594542,0.00019998000199980003,True,0.004199580041995801,True
openrouter_gpt5_4_none,qwen3_vl_8b,relation_conditioned_fidelity,relation_samples_only,0.1525099294401785,0.11199605940023062,0.19345438236941268,0.00019998000199980003,True,0.004199580041995801,True
openrouter_gpt5_4_none,qwen3_vl_8b,relation_scope_accuracy,relation_samples_only,0.17666930862496943,0.1299859596720523,0.22246432587792095,0.00019998000199980003,True,0.004199580041995801,True
openrouter_gpt5_4_none,qwen3_vl_8b,relation_edge_consistency,relation_samples_only,0.11627086066299208,0.07740337987964353,0.15740313883740595,0.00019998000199980003,True,0.004199580041995801,True
openrouter_gpt5_4_none,qwen3_vl_8b,visual_structural_similarity,all_samples,0.12487417631354646,0.11025669442598385,0.14006259751221026,0.00019998000199980003,True,0.004199580041995801,True
openrouter_gpt5_4_none,qwen3_vl_8b,preservation_accuracy,all_samples,0.5464229938287077,0.505449864559434,0.5859191090107814,0.00019998000199980003,True,0.004199580041995801,True
qwen3_5_122b_a10b,qwen3_vl_32b,overall_score,all_samples,0.030902475330156585,0.01110624261147801,0.05118771794939794,0.0023997600239976003,True,0.009599040095990401,True
qwen3_5_122b_a10b,qwen3_vl_32b,code_executability,all_samples,0.040268456375838924,-0.03459146699745381,0.11498257839721254,0.3177682231776822,False,0.3177682231776822,False
qwen3_5_122b_a10b,qwen3_vl_32b,low_level_edit_accuracy,all_samples,0.027035058777702653,0.006291476915239799,0.048096167166464816,0.009999000099990002,True,0.038396160383961604,True
qwen3_5_122b_a10b,qwen3_vl_32b,high_level_score,all_samples,0.033473372128799715,0.013304932974589286,0.05425366293403518,0.0011998800119988001,True,0.0047995200479952005,True
qwen3_5_122b_a10b,qwen3_vl_32b,relation_conditioned_fidelity,relation_samples_only,0.01772004384934768,-0.014039649087150483,0.048696822450261246,0.26317368263173685,False,1.0,False
qwen3_5_122b_a10b,qwen3_vl_32b,relation_scope_accuracy,relation_samples_only,0.01622752001359602,-0.020159597411112257,0.0516726014215508,0.3725627437256274,False,1.0,False
qwen3_5_122b_a10b,qwen3_vl_32b,relation_edge_consistency,relation_samples_only,0.019958829602975174,-0.009357980430970863,0.049269792572353525,0.1755824417558244,False,0.8927107289271073,False
qwen3_5_122b_a10b,qwen3_vl_32b,visual_structural_similarity,all_samples,0.016937515105978757,0.006973502337078184,0.02712001241564523,0.0011998800119988001,True,0.0047995200479952005,True
qwen3_5_122b_a10b,qwen3_vl_32b,preservation_accuracy,all_samples,0.06665575635809987,0.013288303893165838,0.11942403627458913,0.013398660133986601,True,0.040195980401959805,True
qwen3_5_122b_a10b,qwen3_vl_8b,overall_score,all_samples,0.08788701507757314,0.0674795359843129,0.10899130398418108,0.00019998000199980003,True,0.004199580041995801,True
qwen3_5_122b_a10b,qwen3_vl_8b,code_executability,all_samples,0.2651006711409396,0.19047619047619047,0.3388171555341843,0.00019998000199980003,True,0.004199580041995801,True
qwen3_5_122b_a10b,qwen3_vl_8b,low_level_edit_accuracy,all_samples,0.08116402561930634,0.060381468134173284,0.10235605501932575,0.00019998000199980003,True,0.004199580041995801,True
qwen3_5_122b_a10b,qwen3_vl_8b,high_level_score,all_samples,0.09245169796975325,0.0717012774243838,0.11380140466646234,0.00019998000199980003,True,0.004199580041995801,True
qwen3_5_122b_a10b,qwen3_vl_8b,relation_conditioned_fidelity,relation_samples_only,0.049155281912724696,0.012668002126888544,0.0883688352995101,0.007599240075992401,True,0.071992800719928,False
qwen3_5_122b_a10b,qwen3_vl_8b,relation_scope_accuracy,relation_samples_only,0.04634878143874656,0.003016825468510169,0.09209260148896073,0.0347965203479652,True,0.2783721627837216,False
qwen3_5_122b_a10b,qwen3_vl_8b,relation_edge_consistency,relation_samples_only,0.05336503262369194,0.02375885584607027,0.08680430197289864,0.000999900009999,True,0.014998500149985002,True
qwen3_5_122b_a10b,qwen3_vl_8b,visual_structural_similarity,all_samples,0.043084830398680725,0.03362917197726944,0.05317634837499112,0.00019998000199980003,True,0.004199580041995801,True
qwen3_5_122b_a10b,qwen3_vl_8b,preservation_accuracy,all_samples,0.22554366345831914,0.17452411345193675,0.2762776141473226,0.00019998000199980003,True,0.004199580041995801,True
qwen3_vl_32b,qwen3_vl_8b,overall_score,all_samples,0.056984539747416546,0.0401044454693667,0.07469685079573232,0.00019998000199980003,True,0.004199580041995801,True
qwen3_vl_32b,qwen3_vl_8b,code_executability,all_samples,0.22483221476510068,0.14950166112956811,0.30000825082508237,0.00019998000199980003,True,0.004199580041995801,True
qwen3_vl_32b,qwen3_vl_8b,low_level_edit_accuracy,all_samples,0.05412896684160368,0.03599989386907474,0.07291997326887674,0.00019998000199980003,True,0.004199580041995801,True
qwen3_vl_32b,qwen3_vl_8b,high_level_score,all_samples,0.05897832584095353,0.04176024865362853,0.07688974055817163,0.00019998000199980003,True,0.004199580041995801,True
qwen3_vl_32b,qwen3_vl_8b,relation_conditioned_fidelity,relation_samples_only,0.03143523806337702,0.004006744785450496,0.06068986847966929,0.025797420257974202,True,0.20637936206379362,False
qwen3_vl_32b,qwen3_vl_8b,relation_scope_accuracy,relation_samples_only,0.030121261425150533,-0.001574181052570232,0.06509233836035677,0.06059394060593941,False,0.42415758424157585,False
qwen3_vl_32b,qwen3_vl_8b,relation_edge_consistency,relation_samples_only,0.03340620302071676,0.005592833663022424,0.06145617883914155,0.0197980201979802,True,0.197980201979802,False
qwen3_vl_32b,qwen3_vl_8b,visual_structural_similarity,all_samples,0.02614731529270197,0.01906161388927631,0.03360849508379245,0.00019998000199980003,True,0.004199580041995801,True
qwen3_vl_32b,qwen3_vl_8b,preservation_accuracy,all_samples,0.1588879071002193,0.10620896927763408,0.21120598973808502,0.00019998000199980003,True,0.004199580041995801,True
